Workbook

Sheet 汇总
A1: PCB概念股 — 流通市值前20 — 20日布林带 (BOLL, N=20, K=2)
A2: 排名 | B2: 股票代码 | C2: 股票名称 | D2: 流通市值(亿元) | E2: 数据日期 | F2: 最新收盘价 | G2: MA20 (中线) | H2: STD20 (总体) | I2: 布林上轨 UP | J2: 布林下轨 DN | K2: 带宽 (UP-DN) | L2: %B
A3: 1 | B3: sh600183 | C3: 生益科技 | D3: 4402.77 | E3: 2026-06-18 | F3: =价格数据!B21 -> 183.87 | G3: =AVERAGE(价格数据!B2:B21) -> 144.555 | H3: =STDEVP(价格数据!B2:B21) -> 19.632286 | I3: =G3+2*H3 -> 183.81957 | J3: =G3-2*H3 -> 105.29043 | K3: =I3-J3 -> 78.529143 | L3: =IF((I3-J3)=0,0,(F3-J3)/(I3-J3)) -> 1.0006422
A4: 2 | B4: sz002384 | C4: 东山精密 | D4: 3784.66 | E4: 2026-06-18 | F4: =价格数据!C21 -> 273 | G4: =AVERAGE(价格数据!C2:C21) -> 225.2895 | H4: =STDEVP(价格数据!C2:C21) -> 17.83477 | I4: =G4+2*H4 -> 260.95904 | J4: =G4-2*H4 -> 189.61996 | K4: =I4-J4 -> 71.33908 | L4: =IF((I4-J4)=0,0,(F4-J4)/(I4-J4)) -> 1.1687849
A5: 3 | B5: sz300476 | C5: 胜宏科技 | D5: 3192.57 | E5: 2026-06-18 | F5: =价格数据!D21 -> 369 | G5: =AVERAGE(价格数据!D2:D21) -> 354.827 | H5: =STDEVP(价格数据!D2:D21) -> 21.011592 | I5: =G5+2*H5 -> 396.85018 | J5: =G5-2*H5 -> 312.80382 | K5: =I5-J5 -> 84.046369 | L5: =IF((I5-J5)=0,0,(F5-J5)/(I5-J5)) -> 0.6686331
A6: 4 | B6: sz002916 | C6: 深南电路 | D6: 3016.91 | E6: 2026-06-18 | F6: =价格数据!E21 -> 453.8 | G6: =AVERAGE(价格数据!E2:E21) -> 396.238 | H6: =STDEVP(价格数据!E2:E21) -> 21.640357 | I6: =G6+2*H6 -> 439.51871 | J6: =G6-2*H6 -> 352.95729 | K6: =I6-J6 -> 86.561428 | L6: =IF((I6-J6)=0,0,(F6-J6)/(I6-J6)) -> 1.1649844
A7: 5 | B7: sz002463 | C7: 沪电股份 | D7: 2843.84 | E7: 2026-06-18 | F7: =价格数据!F21 -> 147.9 | G7: =AVERAGE(价格数据!F2:F21) -> 132.518 | H7: =STDEVP(价格数据!F2:F21) -> 8.1287321 | I7: =G7+2*H7 -> 148.77546 | J7: =G7-2*H7 -> 116.26054 | K7: =I7-J7 -> 32.514929 | L7: =IF((I7-J7)=0,0,(F7-J7)/(I7-J7)) -> 0.97307501
A8: 6 | B8: sz002938 | C8: 鹏鼎控股 | D8: 2769.18 | E8: 2026-06-18 | F8: =价格数据!G21 -> 119.91 | G8: =AVERAGE(价格数据!G2:G21) -> 108.764 | H8: =STDEVP(价格数据!G2:G21) -> 5.2831793 | I8: =G8+2*H8 -> 119.33036 | J8: =G8-2*H8 -> 98.197641 | K8: =I8-J8 -> 21.132717 | L8: =IF((I8-J8)=0,0,(F8-J8)/(I8-J8)) -> 1.0274286
A9: 7 | B9: sh603256 | C9: 宏和科技 | D9: 2267.94 | E9: 2026-06-18 | F9: =价格数据!H21 -> 257.8 | G9: =AVERAGE(价格数据!H2:H21) -> 203.8247 | H9: =STDEVP(价格数据!H2:H21) -> 26.169061 | I9: =G9+2*H9 -> 256.16282 | J9: =G9-2*H9 -> 151.48658 | K9: =I9-J9 -> 104.67624 | L9: =IF((I9-J9)=0,0,(F9-J9)/(I9-J9)) -> 1.0156404
A10: 8 | B10: sh600176 | C10: 中国巨石 | D10: 2141.68 | E10: 2026-06-18 | F10: =价格数据!I21 -> 53.5 | G10: =AVERAGE(价格数据!I2:I21) -> 41.7155 | H10: =STDEVP(价格数据!I2:I21) -> 5.1455694 | I10: =G10+2*H10 -> 52.006639 | J10: =G10-2*H10 -> 31.424361 | K10: =I10-J10 -> 20.582278 | L10: =IF((I10-J10)=0,0,(F10-J10)/(I10-J10)) -> 1.0725557
A11: 9 | B11: sz301217 | C11: 铜冠铜箔 | D11: 1658.03 | E11: 2026-06-18 | F11: =价格数据!J21 -> 200 | G11: =AVERAGE(价格数据!J2:J21) -> 125.9725 | H11: =STDEVP(价格数据!J2:J21) -> 30.772362 | I11: =G11+2*H11 -> 187.51722 | J11: =G11-2*H11 -> 64.427776 | K11: =I11-J11 -> 123.08945 | L11: =IF((I11-J11)=0,0,(F11-J11)/(I11-J11)) -> 1.1014122
A12: 10 | B12: sz301200 | C12: 大族数控 | D12: 1433.05 | E12: 2026-06-18 | F12: =价格数据!K21 -> 337 | G12: =AVERAGE(价格数据!K2:K21) -> 290.548 | H12: =STDEVP(价格数据!K2:K21) -> 19.706542 | I12: =G12+2*H12 -> 329.96108 | J12: =G12-2*H12 -> 251.13492 | K12: =I12-J12 -> 78.826167 | L12: =IF((I12-J12)=0,0,(F12-J12)/(I12-J12)) -> 1.0892967
A13: 11 | B13: sz000657 | C13: 中钨高新 | D13: 1430.84 | E13: 2026-06-18 | F13: =价格数据!L21 -> 98.48 | G13: =AVERAGE(价格数据!L2:L21) -> 73.8945 | H13: =STDEVP(价格数据!L2:L21) -> 10.118591 | I13: =G13+2*H13 -> 94.131681 | J13: =G13-2*H13 -> 53.657319 | K13: =I13-J13 -> 40.474362 | L13: =IF((I13-J13)=0,0,(F13-J13)/(I13-J13)) -> 1.1074339
A14: 12 | B14: sz002080 | C14: 中材科技 | D14: 1351.73 | E14: 2026-06-18 | F14: =价格数据!M21 -> 80.55 | G14: =AVERAGE(价格数据!M2:M21) -> 68.7165 | H14: =STDEVP(价格数据!M2:M21) -> 6.4427364 | I14: =G14+2*H14 -> 81.601973 | J14: =G14-2*H14 -> 55.831027 | K14: =I14-J14 -> 25.770946 | L14: =IF((I14-J14)=0,0,(F14-J14)/(I14-J14)) -> 0.95917989
A15: 13 | B15: sz002008 | C15: 大族激光 | D15: 1290.63 | E15: 2026-06-18 | F15: =价格数据!N21 -> 134.9 | G15: =AVERAGE(价格数据!N2:N21) -> 130.405 | H15: =STDEVP(价格数据!N2:N21) -> 7.2137255 | I15: =G15+2*H15 -> 144.83245 | J15: =G15-2*H15 -> 115.97755 | K15: =I15-J15 -> 28.854902 | L15: =IF((I15-J15)=0,0,(F15-J15)/(I15-J15)) -> 0.65577942
A16: 14 | B16: sh688183 | C16: 生益电子 | D16: 1152.07 | E16: 2026-06-18 | F16: =价格数据!O21 -> 138.5 | G16: =AVERAGE(价格数据!O2:O21) -> 126.4785 | H16: =STDEVP(价格数据!O2:O21) -> 10.157403 | I16: =G16+2*H16 -> 146.79331 | J16: =G16-2*H16 -> 106.16369 | K16: =I16-J16 -> 40.629611 | L16: =IF((I16-J16)=0,0,(F16-J16)/(I16-J16)) -> 0.79588026
A17: 15 | B17: sh688519 | C17: 南亚新材 | D17: 933.67 | E17: 2026-06-18 | F17: =价格数据!P21 -> 397 | G17: =AVERAGE(价格数据!P2:P21) -> 269.247 | H17: =STDEVP(价格数据!P2:P21) -> 60.869704 | I17: =G17+2*H17 -> 390.98641 | J17: =G17-2*H17 -> 147.50759 | K17: =I17-J17 -> 243.47882 | L17: =IF((I17-J17)=0,0,(F17-J17)/(I17-J17)) -> 1.0246986
A18: 16 | B18: sh603228 | C18: 景旺电子 | D18: 790.98 | E18: 2026-06-18 | F18: =价格数据!Q21 -> 81.06 | G18: =AVERAGE(价格数据!Q2:Q21) -> 77.656 | H18: =STDEVP(价格数据!Q2:Q21) -> 4.9854893 | I18: =G18+2*H18 -> 87.626979 | J18: =G18-2*H18 -> 67.685021 | K18: =I18-J18 -> 19.941957 | L18: =IF((I18-J18)=0,0,(F18-J18)/(I18-J18)) -> 0.67069538
A19: 17 | B19: sz002436 | C19: 兴森科技 | D19: 790.23 | E19: 2026-06-18 | F19: =价格数据!R21 -> 52.06 | G19: =AVERAGE(价格数据!R2:R21) -> 39.7015 | H19: =STDEVP(价格数据!R2:R21) -> 4.0084901 | I19: =G19+2*H19 -> 47.71848 | J19: =G19-2*H19 -> 31.68452 | K19: =I19-J19 -> 16.03396 | L19: =IF((I19-J19)=0,0,(F19-J19)/(I19-J19)) -> 1.2707703
A20: 18 | B20: sz002636 | C20: 金安国纪 | D20: 756.26 | E20: 2026-06-18 | F20: =价格数据!S21 -> 104.41 | G20: =AVERAGE(价格数据!S2:S21) -> 67.225 | H20: =STDEVP(价格数据!S2:S21) -> 20.404085 | I20: =G20+2*H20 -> 108.03317 | J20: =G20-2*H20 -> 26.41683 | K20: =I20-J20 -> 81.616339 | L20: =IF((I20-J20)=0,0,(F20-J20)/(I20-J20)) -> 0.9556073
A21: 19 | B21: sh601208 | C21: 东材科技 | D21: 755.92 | E21: 2026-06-18 | F21: =价格数据!T21 -> 74.83 | G21: =AVERAGE(价格数据!T2:T21) -> 58.605 | H21: =STDEVP(价格数据!T2:T21) -> 7.5589851 | I21: =G21+2*H21 -> 73.72297 | J21: =G21-2*H21 -> 43.48703 | K21: =I21-J21 -> 30.23594 | L21: =IF((I21-J21)=0,0,(F21-J21)/(I21-J21)) -> 1.036613
A22: 20 | B22: sz300395 | C22: 菲利华 | D22: 695.78 | E22: 2026-06-18 | F22: =价格数据!U21 -> 135.75 | G22: =AVERAGE(价格数据!U2:U21) -> 129.05 | H22: =STDEVP(价格数据!U2:U21) -> 11.103006 | I22: =G22+2*H22 -> 151.25601 | J22: =G22-2*H22 -> 106.84399 | K22: =I22-J22 -> 44.412025 | L22: =IF((I22-J22)=0,0,(F22-J22)/(I22-J22)) -> 0.65086004

Sheet 价格数据
A1: 交易日期 | B1: 生益科技 sh600183 | C1: 东山精密 sz002384 | D1: 胜宏科技 sz300476 | E1: 深南电路 sz002916 | F1: 沪电股份 sz002463 | G1: 鹏鼎控股 sz002938 | H1: 宏和科技 sh603256 | I1: 中国巨石 sh600176 | J1: 铜冠铜箔 sz301217 | K1: 大族数控 sz301200 | L1: 中钨高新 sz000657 | M1: 中材科技 sz002080 | N1: 大族激光 sz002008 | O1: 生益电子 sh688183 | P1: 南亚新材 sh688519 | Q1: 景旺电子 sh603228 | R1: 兴森科技 sz002436 | S1: 金安国纪 sz002636 | T1: 东材科技 sh601208 | U1: 菲利华 sz300395
A2: 2026-05-22 | B2: 107.21 | C2: 220.55 | D2: 375.5 | E2: 375.87 | F2: 114.07 | G2: 102.93 | H2: 159.302 | I2: 38.16 | J2: 90.93 | K2: 274 | L2: 62.38 | M2: 70.846 | N2: 146.28 | O2: 107.896 | P2: 201.93 | Q2: 82.5 | R2: 35.39 | S2: 46.145 | T2: 52.45 | U2: 140.15
A3: 2026-05-25 | B3: 115.72 | C3: 226.24 | D3: 383.5 | E3: 397.6 | F3: 122.54 | G3: 113.32 | H3: 175.242 | I3: 39.23 | J3: 95.68 | K3: 284.99 | L3: 64.21 | M3: 74.446 | N3: 142.23 | O3: 109.486 | P3: 197.3 | Q3: 86.92 | R3: 38.09 | S3: 45.485 | T3: 53.74 | U3: 151.46
A4: 2026-05-26 | B4: 127.37 | C4: 221.2 | D4: 392.95 | E4: 417.1 | F4: 133.36 | G4: 115 | H4: 183.832 | I4: 41.09 | J4: 102.45 | K4: 285.36 | L4: 67.69 | M4: 73.806 | N4: 135.45 | O4: 131.506 | P4: 202.25 | Q4: 87.5 | R4: 38.08 | S4: 47.425 | T4: 53.3 | U4: 148.29
A5: 2026-05-27 | B5: 130.96 | C5: 223.37 | D5: 379.3 | E5: 393.65 | F5: 128.29 | G5: 104.91 | H5: 179.852 | I5: 39.53 | J5: 101.92 | K5: 303 | L5: 64.83 | M5: 70.316 | N5: 131.31 | O5: 132.706 | P5: 216.3 | Q5: 82.45 | R5: 36.99 | S5: 48.635 | T5: 52.25 | U5: 139.4
A6: 2026-05-28 | B6: 134.84 | C6: 219 | D6: 375.3 | E6: 395.88 | F6: 133.06 | G6: 105 | H6: 197.842 | I6: 43.48 | J6: 119.08 | K6: 294.99 | L6: 68.97 | M6: 76.076 | N6: 135.98 | O6: 138.596 | P6: 233 | Q6: 81.22 | R6: 36.34 | S6: 53.5 | T6: 54.43 | U6: 144.3
A7: 2026-05-29 | B7: 139.82 | C7: 213.05 | D7: 368.52 | E7: 411.41 | F7: 132.04 | G7: 104.01 | H7: 202.082 | I7: 42.1 | J7: 114 | K7: 279 | L7: 68 | M7: 71.15 | N7: 131.85 | O7: 137.456 | P7: 239 | Q7: 79.18 | R7: 38.68 | S7: 53.51 | T7: 50 | U7: 133.75
A8: 2026-06-01 | B8: 134.83 | C8: 191.75 | D8: 342.35 | E8: 380 | F8: 122.51 | G8: 102.34 | H8: 181.872 | I8: 38.32 | J8: 104.89 | K8: 275.8 | L8: 63.18 | M8: 64.04 | N8: 124.91 | O8: 122.406 | P8: 216.55 | Q8: 72 | R8: 38.62 | S8: 49.87 | T8: 47.79 | U8: 116.44
A9: 2026-06-02 | B9: 140.27 | C9: 210.93 | D9: 349.08 | E9: 398.8 | F9: 131 | G9: 110.89 | H9: 198.732 | I9: 38.9 | J9: 103.63 | K9: 279.1 | L9: 66.51 | M9: 65.43 | N9: 127 | O9: 130.956 | P9: 238.92 | Q9: 75.58 | R9: 42.22 | S9: 50.63 | T9: 51.35 | U9: 119.5
A10: 2026-06-03 | B10: 140.29 | C10: 223.99 | D10: 353.44 | E10: 382 | F10: 129.8 | G10: 107.3 | H10: 197.302 | I10: 37.91 | J10: 107.4 | K10: 285.99 | L10: 71.71 | M10: 63.62 | N10: 130.6 | O10: 127.796 | P10: 228.7 | Q10: 74.28 | R10: 39.82 | S10: 51.73 | T10: 56.49 | U10: 118.99
A11: 2026-06-04 | B11: 143.16 | C11: 237.8 | D11: 366.72 | E11: 393.38 | F11: 140.82 | G11: 110 | H11: 194.942 | I11: 38.39 | J11: 109.75 | K11: 298.8 | L11: 74.33 | M11: 63.8 | N11: 134.65 | O11: 128.006 | P11: 247 | Q11: 75.3 | R11: 40.87 | S11: 54 | T11: 59.6 | U11: 122.08
A12: 2026-06-05 | B12: 137.36 | C12: 221.41 | D12: 338.9 | E12: 373 | F12: 133.22 | G12: 105.15 | H12: 195.992 | I12: 36.96 | J12: 111.26 | K12: 277.2 | L12: 70.1 | M12: 62.73 | N12: 127.87 | O12: 117.85 | P12: 236.1 | Q12: 71.33 | R12: 37.9 | S12: 58.16 | T12: 56.76 | U12: 119.23
A13: 2026-06-08 | B13: 134.06 | C13: 213 | D13: 314.8 | E13: 369.64 | F13: 137 | G13: 111 | H13: 188.492 | I13: 35.56 | J13: 113.1 | K13: 277.67 | L13: 67.92 | M13: 58.8 | N13: 120.86 | O13: 112.11 | P13: 253.55 | Q13: 68.96 | R13: 37 | S13: 63.98 | T13: 54.2 | U13: 112.38
... A21: 2026-06-18 | B21: 183.87 | C21: 273 | D21: 369 | E21: 453.8 | F21: 147.9 | G21: 119.91 | H21: 257.8 | I21: 53.5 | J21: 200 | K21: 337 | L21: 98.48 | M21: 80.55 | N21: 134.9 | O21: 138.5 | P21: 397 | Q21: 81.06 | R21: 52.06 | S21: 104.41 | T21: 74.83 | U21: 135.75
A22: MA20 (中线) | B22: =AVERAGE(B2:B21) -> 144.555 | C22: =AVERAGE(C2:C21) -> 225.2895 | D22: =AVERAGE(D2:D21) -> 354.827 | E22: =AVERAGE(E2:E21) -> 396.238 | F22: =AVERAGE(F2:F21) -> 132.518 | G22: =AVERAGE(G2:G21) -> 108.764 | H22: =AVERAGE(H2:H21) -> 203.8247 | I22: =AVERAGE(I2:I21) -> 41.7155 | ... U22: =AVERAGE(U2:U21) -> 129.05
A23: STD20 (总体) | B23: =STDEVP(B2:B21) -> 19.632286 | C23: =STDEVP(C2:C21) -> 17.83477 | D23: =STDEVP(D2:D21) -> 21.011592 | E23: =STDEVP(E2:E21) -> 21.640357 | F23: =STDEVP(F2:F21) -> 8.1287321 | G23: =STDEVP(G2:G21) -> 5.2831793 | H23: =STDEVP(H2:H21) -> 26.169061 | I23: =STDEVP(I2:I21) -> 5.1455694 | ... U23: =STDEVP(U2:U21) -> 11.103006
A24: 布林上轨 UP | B24: =B22+2*B23 -> 183.81957 | C24: =C22+2*C23 -> 260.95904 | D24: =D22+2*D23 -> 396.85018 | E24: =E22+2*E23 -> 439.51871 | F24: =F22+2*F23 -> 148.77546 | G24: =G22+2*G23 -> 119.33036 | H24: =H22+2*H23 -> 256.16282 | I24: =I22+2*I23 -> 52.006639 | ... U24: =U22+2*U23 -> 151.25601
A25: 布林下轨 DN | B25: =B22-2*B23 -> 105.29043 | C25: =C22-2*C23 -> 189.61996 | D25: =D22-2*D23 -> 312.80382 | E25: =E22-2*E23 -> 352.95729 | F25: =F22-2*F23 -> 116.26054 | G25: =G22-2*G23 -> 98.197641 | H25: =H22-2*H23 -> 151.48658 | I25: =I22-2*I23 -> 31.424361 | ... U25: =U22-2*U23 -> 106.84399

Sheet 说明
A1: PCB概念股 布林带分析
A3: 数据来源：
A4: • 股票名单：财联社 → 盯盘 → 概念板块 → PCB (板块代码 cls80025)
A5: • 历史K线：腾讯财经 web.ifzq.gtimg.cn 前复权日线
A7: 筛选规则：按 流通市值 降序取前 20 只
A9: 布林带 (Bollinger Bands) 计算公式：
A10: 中轨 (MID) = N 日收盘价简单移动平均
A11: 上轨 (UP) = MID + K × σ
A12: 下轨 (DN) = MID − K × σ
A13: 本表参数：N = 20 (交易日)，K = 2
A14: σ 使用总体标准差 STDEVP / STDEV.P（与多数行情软件一致）
A16: %B 指标：(收盘 − DN) / (UP − DN)，>1 突破上轨，<0 跌破下轨
... A21: 蓝色字体为硬编码原始价格输入（行业惯例），黑色为公式输出。
